-- MySQL dump 10.13  Distrib 8.0.44, for Linux (x86_64)
--
-- Host: localhost    Database: petclinic
-- ------------------------------------------------------
-- Server version	8.0.44

/*!40101 SET @OLD_CHARACTER_SET_CLIENT=@@CHARACTER_SET_CLIENT */;
/*!40101 SET @OLD_CHARACTER_SET_RESULTS=@@CHARACTER_SET_RESULTS */;
/*!40101 SET @OLD_COLLATION_CONNECTION=@@COLLATION_CONNECTION */;
/*!50503 SET NAMES utf8mb4 */;
/*!40103 SET @OLD_TIME_ZONE=@@TIME_ZONE */;
/*!40103 SET TIME_ZONE='+00:00' */;
/*!40014 SET @OLD_UNIQUE_CHECKS=@@UNIQUE_CHECKS, UNIQUE_CHECKS=0 */;
/*!40014 SET @OLD_FOREIGN_KEY_CHECKS=@@FOREIGN_KEY_CHECKS, FOREIGN_KEY_CHECKS=0 */;
/*!40101 SET @OLD_SQL_MODE=@@SQL_MODE, SQL_MODE='NO_AUTO_VALUE_ON_ZERO' */;
/*!40111 SET @OLD_SQL_NOTES=@@SQL_NOTES, SQL_NOTES=0 */;

--
-- Table structure for table `owners`
--

DROP TABLE IF EXISTS `owners`;
/*!40101 SET @saved_cs_client     = @@character_set_client */;
/*!50503 SET character_set_client = utf8mb4 */;
CREATE TABLE `owners` (
  `id` int unsigned NOT NULL AUTO_INCREMENT,
  `first_name` varchar(30) DEFAULT NULL,
  `last_name` varchar(30) DEFAULT NULL,
  `address` varchar(255) DEFAULT NULL,
  `city` varchar(80) DEFAULT NULL,
  `telephone` varchar(20) DEFAULT NULL,
  PRIMARY KEY (`id`),
  KEY `last_name` (`last_name`)
) ENGINE=InnoDB AUTO_INCREMENT=11 DEFAULT CHARSET=utf8mb4 COLLATE=utf8mb4_0900_ai_ci;
/*!40101 SET character_set_client = @saved_cs_client */;

--
-- Dumping data for table `owners`
--

LOCK TABLES `owners` WRITE;
/*!40000 ALTER TABLE `owners` DISABLE KEYS */;
INSERT INTO `owners` VALUES (1,'George','Franklin','110 W. Liberty St.','Madison','6085551023'),(2,'Betty','Davis','638 Cardinal Ave.','Sun Prairie','6085551749'),(3,'Eduardo','Rodriquez','2693 Commerce St.','McFarland','6085558763'),(4,'Harold','Davis','563 Friendly St.','Windsor','6085553198'),(5,'Peter','McTavish','2387 S. Fair Way','Madison','6085552765'),(6,'Jean','Coleman','105 N. Lake St.','Monona','6085552654'),(7,'Jeff','Black','1450 Oak Blvd.','Monona','6085555387'),(8,'Maria','Escobito','345 Maple St.','Madison','6085557683'),(9,'David','Schroeder','2749 Blackhawk Trail','Madison','6085559435'),(10,'Carlos','Estaban','2335 Independence La.','Waunakee','6085555487');
/*!40000 ALTER TABLE `owners` ENABLE KEYS */;
UNLOCK TABLES;

--
-- Table structure for table `pets`
--

DROP TABLE IF EXISTS `pets`;
/*!40101 SET @saved_cs_client     = @@character_set_client */;
/*!50503 SET character_set_client = utf8mb4 */;
CREATE TABLE `pets` (
  `id` int unsigned NOT NULL AUTO_INCREMENT,
  `name` varchar(30) DEFAULT NULL,
  `birth_date` date DEFAULT NULL,
  `type_id` int unsigned NOT NULL,
  `owner_id` int unsigned NOT NULL,
  PRIMARY KEY (`id`),
  KEY `name` (`name`),
  KEY `owner_id` (`owner_id`),
  KEY `type_id` (`type_id`),
  CONSTRAINT `pets_ibfk_1` FOREIGN KEY (`owner_id`) REFERENCES `owners` (`id`),
  CONSTRAINT `pets_ibfk_2` FOREIGN KEY (`type_id`) REFERENCES `types` (`id`)
) ENGINE=InnoDB AUTO_INCREMENT=14 DEFAULT CHARSET=utf8mb4 COLLATE=utf8mb4_0900_ai_ci;
/*!40101 SET character_set_client = @saved_cs_client */;

--
-- Dumping data for table `pets`
--

LOCK TABLES `pets` WRITE;
/*!40000 ALTER TABLE `pets` DISABLE KEYS */;
INSERT INTO `pets` VALUES (1,'Leo','2000-09-07',1,1),(2,'Basil','2002-08-06',6,2),(3,'Rosy','2001-04-17',2,3),(4,'Jewel','2000-03-07',2,3),(5,'Iggy','2000-11-30',3,4),(6,'George','2000-01-20',4,5),(7,'Samantha','1995-09-04',1,6),(8,'Max','1995-09-04',1,6),(9,'Lucky','1999-08-06',5,7),(10,'Mulligan','1997-02-24',2,8),(11,'Freddy','2000-03-09',5,9),(12,'Lucky','2000-06-24',2,10),(13,'Sly','2002-06-08',1,10);
/*!40000 ALTER TABLE `pets` ENABLE KEYS */;
UNLOCK TABLES;

--
-- Table structure for table `types`
--

DROP TABLE IF EXISTS `types`;
/*!40101 SET @saved_cs_client     = @@character_set_client */;
/*!50503 SET character_set_client = utf8mb4 */;
CREATE TABLE `types` (
  `id` int unsigned NOT NULL AUTO_INCREMENT,
  `name` varchar(80) DEFAULT NULL,
  PRIMARY KEY (`id`),
  KEY `name` (`name`)
) ENGINE=InnoDB AUTO_INCREMENT=7 DEFAULT CHARSET=utf8mb4 COLLATE=utf8mb4_0900_ai_ci;
/*!40101 SET character_set_client = @saved_cs_client */;

--
-- Dumping data for table `types`
--

LOCK TABLES `types` WRITE;
/*!40000 ALTER TABLE `types` DISABLE KEYS */;
INSERT INTO `types` VALUES (5,'bird'),(1,'cat'),(2,'dog'),(6,'hamster'),(3,'lizard'),(4,'snake');
/*!40000 ALTER TABLE `types` ENABLE KEYS */;
UNLOCK TABLES;
/*!40103 SET TIME_ZONE=@OLD_TIME_ZONE */;

/*!40101 SET SQL_MODE=@OLD_SQL_MODE */;
/*!40014 SET FOREIGN_KEY_CHECKS=@OLD_FOREIGN_KEY_CHECKS */;
/*!40014 SET UNIQUE_CHECKS=@OLD_UNIQUE_CHECKS */;
/*!40101 SET CHARACTER_SET_CLIENT=@OLD_CHARACTER_SET_CLIENT */;
/*!40101 SET CHARACTER_SET_RESULTS=@OLD_CHARACTER_SET_RESULTS */;
/*!40101 SET COLLATION_CONNECTION=@OLD_COLLATION_CONNECTION */;
/*!40111 SET SQL_NOTES=@OLD_SQL_NOTES */;

-- Dump completed on 2025-10-29  0:43:23
